queryid,calls,total_exec_time_ms,mean_exec_time_ms,rows,shared_blks_hit,shared_blks_read,query
-4283287826124651186,11890,2730.980,0.230,11890,63393,17,"SELECT tenant_id, api_key_id FROM ledgerline_fn.authenticate_api_key($1)"
-3598982451123530816,362,1892.301,5.227,18462,14946,4582,"SELECT id, event_type, quantity, to_char(occurred_at AT TIME ZONE $5, $6) AS occurred_at, metadata FROM usage_events WHERE tenant_id = $1 AND occurred_at >= $2::timestamptz AND occurred_at < $3::timestamptz ORDER BY usage_events.occurred_at DESC, usage_events.id DESC LIMIT $4"
7382902827749400368,9002,1034.690,0.115,9002,18086,2,"SELECT balance, updated_at FROM credit_balances WHERE tenant_id = $1"
6005503577259212969,11890,855.453,0.072,11890,59445,5,"SELECT k.tenant_id, k.id FROM public.api_keys k WHERE k.key_hash = p_key_hash AND k.revoked_at IS NULL"
-8170521188960611238,1802,736.609,0.409,1802,14217,6,"INSERT INTO usage_events (tenant_id, occurred_at, event_type, quantity, metadata) VALUES ($1, COALESCE($2::timestamptz, now()), $3, $4, $5) RETURNING id, to_char(occurred_at AT TIME ZONE $6, $7) AS occurred_at"
-457685692665189491,724,615.466,0.850,35905,26010,8003,"SELECT id, event_type, quantity, to_char(occurred_at AT TIME ZONE $7, $8) AS occurred_at, metadata FROM usage_events WHERE tenant_id = $1 AND occurred_at >= $2::timestamptz AND occurred_at < $3::timestamptz AND (occurred_at, id) < ($4::timestamptz, $5::uuid) ORDER BY usage_events.occurred_at DESC, usage_events.id DESC LIMIT $6"
-3200193018549775471,11890,292.076,0.025,11890,0,0,"SELECT CASE WHEN v ~* $1 THEN v::uuid END FROM (SELECT current_setting($2, $3) AS v) s"
-5378431905038090156,11890,107.177,0.009,11890,0,0,"SELECT set_config($2, $1, $3)"
-3218985851856498250,1802,76.494,0.042,1802,3603,1,"SELECT $2 FROM ONLY ""public"".""tenants"" x WHERE ""id"" OPERATOR(pg_catalog.=) $1 FOR KEY SHARE OF x"
6650430479887907887,11890,18.208,0.002,0,0,0,BEGIN
2064869707185898531,11890,17.309,0.001,0,0,0,COMMIT
3337920400592748933,1,0.391,0.391,1,1,0,"SELECT pg_stat_statements_reset(0, (SELECT oid FROM pg_database WHERE datname = 'ledgerworks'), 0)"
